"","Sensitivity","Specificity","F1","Balanced Accuracy"
"Class 1",100,99.982174688057,99.9297259311314,99.9910873440285
"Class 3",99.9123191582639,100,99.9561403508772,99.9561595791319
"Class 4",99.9146757679181,99.980578753156,99.9146757679181,99.947627260537
"Class 5",100,100,100,100
"Class 6",100,99.9809741248097,99.9530736743313,99.9904870624049
"Class 9",100,100,100,100
"Class Combined",100,100,100,100
