"","Sensitivity","Specificity","F1","Balanced Accuracy"
"Class 1",100,100,100,100
"Class 3",99.956159579132,100,99.9780749835562,99.978079789566
"Class 4",100,100,100,100
"Class 5",100,100,100,100
"Class 6",100,99.9809741248097,99.9530736743313,99.9904870624049
"Class 9",100,100,100,100
"Class Combined",100,100,100,100
